{
    "accountBalance": 5000,
    "cryptoBalances": [
      { "name": "Bitcoin", "symbol": "BTC", "balance": 0.5 },
      { "name": "Ethereum", "symbol": "ETH", "balance": 2.3 },
      { "name": "Tether", "symbol": "USDT", "balance": 1000 }
    ],
    "recentTransactions": [
      { "date": "2024-12-28T08:00:00", "type": "Transfer", "amount": 0.1, "currency": "BTC", "status": "Completed" },
      { "date": "2024-12-28T10:00:00", "type": "Buy", "amount": 1, "currency": "ETH", "status": "Pending" },
      { "date": "2024-12-27T16:00:00", "type": "Sell", "amount": 100, "currency": "USDT", "status": "Completed" }
    ],
    "lineChartData": [
      {
        "name": "Ethereum",
        "series": [
          { "name": "08:00", "value": 3300 },
          { "name": "10:00", "value": 3345.96 },
          { "name": "12:00", "value": 3320 },
          { "name": "14:00", "value": 3360 },
          { "name": "16:00", "value": 3380 },
          { "name": "18:00", "value": 3400 }
        ]
      }
    ]
  }
  